,0,1,2,3,4,5,6,7,8,9,10,11,12,13,14,15,16,17,18,nutrient_score
0,시작,B으깬견과류고구마샐러드(요거트),S우유(200ml),B청포도(100g),S복숭아(60g),S사과(35g),고구마밥(63),동태살무국,소고기동그랑땡전,얼갈이나물,배추김치,S크림빵,S우유(200ml),고구마밥(63),오징어숙주국,참치어묵조림,감자당근채볶음,나박김치,종료,12
1,시작,B새우채소죽,B(우유제외)두유미숫가루,B과일샐러드(요거트드레싱),S사과(35g),S멜론(50g),수수밥(63),동태살무국,새우살채소깨무침,도라지나물(간장),나박김치,S카스텔라,S보리차,충무김밥+반찬,매콤콩나물국,시금치두부전,배추게맛살샐러드,배추김치,종료,15
2,시작,B안매운김치볶음밥,B두유(150ml),B블루베리(50g),S(우유제외)과일화채,S복숭아(황도)-60g,감자수제비,Empty,옥수수치즈전,양배추샐러드(레몬드레싱),배추김치,S연두부,S보리차,찰현미밥(63),두부새우젓국,삼치무찜,동초무침,파김치,종료,15
3,시작,B단팥도너츠,B고구마쉐이크,B참외(50g),S복숭아(천도)-60g,S멜론(50g),팥밥(55),실파장국,온두부찜,브로콜리무침,배추김치,S멸치주먹밥,S둥글레차,팥밥(55),팽이장국,감자부추전,건새우애호박볶음,나박김치,종료,13
4,시작,B치즈꼬마김밥,B바나나쉐이크,B멜론(50g),S사과(35g),S복숭아(60g),찹쌀밥(40),차돌얼갈이국,탕평채무침,건파래자반,단배추물김치,S찐빵,S보리차,찹쌀밥(40),닭고기채소찌개,소면채소무침,해초볶음,열무물김치,종료,14
5,시작,B버섯장국죽,B(우유제외)수제바나나두유,B단감(50g),S사과(35g),S참외(50g),김치치즈볶음밥,실파장국,닭봉구이,수제비샐러드,오이소박이김치,S멸치주먹밥,S보리차,고구마밥(63),팽이장국,주꾸미채소간장볶음,건새우애호박볶음,배추김치,종료,13
6,시작,B으깬견과류고구마샐러드(요거트),B검은깨두유(100ml),B참외(50g),S푸실리샐러드,S블루베리고구마샐러드,오징어덮밥,근대국,오리훈제구이,맛살양상추샐러드,열무물김치,S크림빵,S둥글레차,완두콩밥(55),해물탕,등심탕수육+소스,건취나물간장볶음,나박김치,종료,14
7,시작,B증편,B떠먹는요구르트(100ml),B복숭아(천도)-60g,S멜론(50g),S참외(50g),감자밥(63),팽이장국,삼겹살구이,상추쌈,배추김치,S새우크림소스볶음,S보리차,감자밥(63),매콤애호박국,오리훈제구이,진미채초무침,깍두기,종료,12
8,시작,B주먹밥,B(우유제외)수제블루베리우유,B청포도(100g),S멜론(50g),S참외(50g),검정콩밥(63),건홍합다시마맑은국,안매운오삼불고기,당근스틱,비트초절이,S호박죽,S둥글레차,흑미밥(55),대파감자국,소고기채소조림,청포묵숙주김무침,단무지,종료,13
9,시작,B고구마스프,B두유(100ml),B방울토마토(70g),S참외(100g),S복숭아(황도)-60g,흑미밥(55),호박양파국,소고기짜장볶음,양상추샐러드(오리엔탈드레싱),배추김치,S노란시루떡,S검은깨두유(100ml),흑미밥(55),가자미미역국,삼치무조림,감자채파프리카볶음,열무김치,종료,15
10,시작,B양파치즈스프,B두유(100ml),B파인애플(50g),S블루베리(50g),S복숭아(황도)-80g,찹쌀현미밥(55),애호박새우젓국,삼치무조림,감자채소볶음,단배추물김치,S절편(40g),S우유(200ml),찹쌀현미밥(55),어묵감자국,훈제오리양파볶음,사과치커리무침,열무김치,종료,14
11,시작,B치즈게살죽,B두유(100ml),B복숭아(백도)-80g,S토마토(200g),S자두(50g),옥수수밥(55),애호박두부젓국,닭고기우유조림,무미역생채,비트초절이,S(우유제외)옥수수버터구이,S보리차,옥수수밥(55),동태살무국,소면채소무침,진미채초무침,배추김치,종료,13
12,시작,B단호박크림스프,B검은깨두유(100ml),B복숭아(황도)-80g,S블루베리(50g),S푸실리샐러드,쌀밥(40),다진소고기콩나물국,가자미조림,파래자반,비트초절이,S쌀과자,S검은깨두유(150ml),소고기주먹밥,미니우동,오리훈제구이,채소샐러드(발사믹드레싱),총각김치,종료,15
13,시작,B감자우유죽,B(우유제외)고구마쉐이크,B복숭아(백도)-80g,S아몬드,S블루베리(50g),찰현미밥(55),실파맑은국,어묵볶음,브로콜리참깨무침,나박김치,S쑥설기(40g),S고칼슘우유(100ml),찰현미밥(55),낙지연포탕,숙주맛살나물,명엽채볶음,비트초절이,종료,13
14,시작,B찐빵,B두유(100ml),B멜론(50g),S자두(50g),S사과(35g),수수밥(55),콩가루얼갈이배추국,소고기토마토조림,미역줄기채소볶음,석박지,S절편(40g),S둥글레차,수수밥(55),실파장국,새우살크림소스볶음,동초무침,깍두기,종료,15
15,시작,B감자죽,B우유(100ml),B사과(50g),S복숭아(천도)-80g,S아몬드,팥밥(55),부추된장국,닭가슴살구이+소스,진미채초무침,비트초절이,S(우유제외)버터감자구이,S떠먹는요구르트(100ml),팥밥(55),어묵감자국,임연수엿장구이,마늘종잡채,단무지무침,종료,15
16,시작,B으깬견과류고구마샐러드(요거트),B(우유제외)바나나쉐이크,B복숭아(60g),S사과(35g),S멜론(50g),미나리불고기덮밥,실파장국,오징어간장조림,애호박볶음,열무물김치,S(우유제외)토마토스파게티,S보리차,찹쌀팥밥(55),해물탕,매콤낙지채소볶음,건새우애호박볶음,나박김치,종료,11
17,시작,B감자죽,S둥글레차,B멜론(50g),S사과(35g),S과일화채,검정콩밥(55),다슬기된장국,애호박생선살찜,건취나물간장볶음,비트초절이,S크로와상,S우유(200ml),검정콩밥(55),얼갈이맑은국,매콤오징어볶음,무미역생채,총각김치,종료,14
18,시작,B감자죽,B검은깨두유(200ml),B당근스틱,S사과(35g),S참외(100g),옥수수밥(55),쑥갓어묵탕,숙주맛살무침,새싹채소샐러드,열무김치,S삶은달걀(30g),S우유(200ml),옥수수밥(55),실파장국,오리훈제구이,매콤숙주미나리무침,단무지,종료,12
19,시작,B(우유제외)단호박스프,B(우유제외)바나나쉐이크,B참외(50g),S복숭아(60g),S자두(50g),잡곡밥(55),얼갈이맑은국,매콤오징어볶음,더덕사과무침,나박김치,S약과,S둥글레차,잡곡밥(55),콩가루얼갈이배추국,두부톳무침,매쉬드포테이토,비트초절이,종료,15
20,시작,B(우유제외)단호박스프,B(우유제외)바나나쉐이크,B참외(50g),S사과(35g),S멜론(100g),옥수수밥(63),얼갈이된장국,오징어불고기,건취나물간장볶음,열무물김치,S으깬견과류고구마샐러드(요거트),S보리차,옥수수밥(63),동태맑은국,두부쑥갓무침,감자당근채볶음,단배추물김치,종료,15
21,시작,B(우유제외)당근스프,B우유(150ml),B포도(100g),S복숭아(황도)-60g,S사과(50g),찰현미밥(63),부추맑은국,삼치카레구이,새우청경채볶음,나박김치,S크랜베리찹쌀케이크,S우유(100ml),찰현미밥(63),가지냉국,유부맛살숙주무침,멸치피망볶음,단무지,종료,12
22,시작,B닭백숙,B요구르트,B사과(35g),S멜론(50g),S복숭아(천도)-60g,흑미밥(55),유부장국,두부톳무침,미역줄기채소볶음,배추김치,S증편(40g),S매실쥬스,흑미밥(63),동태살무국,떡갈비간장조림,브로콜리무침,배추김치,종료,12
23,시작,B도너츠,B요구르트,B복숭아(80g),S사과(35g),S복숭아(천도)-80g,찹쌀밥(63),매콤애호박국,오징어불고기,참치양파볶음,단배추물김치,S새우크림소스볶음,S보리차,찹쌀밥(63),다슬기아욱국,옥수수채소튀김,해초볶음,열무김치,종료,14
24,시작,B으깬견과류고구마샐러드(요거트),B두유(150ml),B멜론(75g),S사과(35g),S복숭아(천도)-60g,차조밥(55),동태살무국,삼치무조림,브로콜리무침,배추김치,S잣죽,S둥글레차,차조밥(55),쑥갓어묵탕,참치어묵조림,양배추무침,배추김치,종료,12
25,시작,B소고기스프,B(우유제외)바나나쉐이크,B사과(50g),S멜론(50g),S복숭아(천도)-80g,김치햄볶음밥,얼갈이맑은국,양배추맛살나물,해초볶음,열무물김치,S슈크림빵,S코코아,검정콩밥(55),대구지리,매콤오징어볶음,건취나물간장볶음,나박김치,종료,15
26,시작,B으깬견과류고구마샐러드(요거트),B(우유제외)수제바나나두유,B복숭아(80g),S멜론(50g),S블루베리(50g),파프리카유부초밥,오징어숙주국,칠리새우,애호박새우젓볶음,배추김치,S크림떡볶이,S보리차,차조밥(63),동태살무국,소고기채소조림,얼갈이나물,나박김치,종료,13
27,시작,B소고기미역죽,B검은깨두유(200ml),B참외(50g),S복숭아(천도)-60g,S멜론(50g),찹쌀현미밥(63),동태살무국,매콤낙지채소볶음,브로콜리무침,오이소박이김치,S크림떡볶이,S보리차,찹쌀현미밥(55),팽이장국,오리훈제구이,새싹채소샐러드,배추김치,종료,13
28,시작,B참깨우유스프,B요구르트,B복숭아(백도)-80g,S사과(35g),S멜론(50g),잡곡밥(55),동태살국,고구마연근맛탕,진미채초무침,깍두기,S찐빵,S매실쥬스,잡곡밥(55),잘게썬오징어무국,매콤주꾸미볶음,브로콜리무침,열무물김치,종료,12
29,시작,B치즈,B복숭아호두스무디,B멜론(50g),S멜론(50g),S사과(35g),찰현미밥(63),차돌얼갈이국,소면채소무침,감자당근채볶음,열무물김치,S(우유제외)토마토스파게티,S둥글레차,찰현미밥(63),닭고기채소찌개,(저염)갈치조림,애호박건새우볶음,총각김치,종료,14
30,시작,B치즈게살죽,B두유(100ml),B사과(35g),S사과(35g),S복숭아(60g),옥수수밥(63),쑥국,으깬두부채소전,건파래자반,비트초절이,S(우유제외)토마토스파게티,S보리차,옥수수밥(63),동태살무국,수제비샐러드,참치양파볶음,배추김치,종료,13
31,시작,B새우크림소스볶음,B요구르트,B복숭아(황도)-80g,S사과(100g),S복숭아(황도)-80g,율무밥(55),미니우동,안매운김치전,애호박건새우볶음,열무물김치,S(우유제외)토마토스파게티,S둥글레차,율무밥(55),차돌얼갈이국,골뱅이무침,애호박볶음,단배추물김치,종료,14
32,시작,B치즈죽,B떠먹는요구르트(100ml),B복숭아(천도)-60g,S사과(35g),S멜론(50g),팥밥(55),안매운닭개장,온두부찜,맛살양상추샐러드,나박김치,S슈크림빵,S우유(100ml),팥밥(55),오징어숙주국,으깬두부채소전,건취나물간장볶음,오이소박이김치,종료,14
33,시작,B모닝빵+딸기잼,B(우유제외)수제바나나두유,B복숭아(황도)-60g,S복숭아(황도)-80g,S견과류,완두콩밥(55),건새우된장국,매콤오징어볶음,진미채초무침,나박김치,S(우유제외)알리오올리오스파게티,S둥글레차,완두콩밥(55),팽이장국,오리훈제채소구이,참치양파볶음,배추김치,종료,14
34,시작,B치즈죽,B두유(100ml),B사과(100g),S사과(35g),S참외(100g),찹쌀보리밥(55),팽이장국,오징어굴소스볶음,감자당근채볶음,열무물김치,S건포도감자볼,S우유(200ml),찹쌀보리밥(55),양파오징어국,소면채소무침,(우유제외)연근사과샐러드,단무지무침,종료,13
35,시작,B안매운김치볶음밥,B두유(150ml),B블루베리(50g),S참외(50g),S복숭아(백도)-80g,찹쌀팥밥(63),조갯살된장찌개,(저염)갈치조림,파래무침,배추김치,S매실젤리,S검은깨두유(200ml),고구마밥(55),애호박새우젓국,소고기김무침,쑥갓나물무침,파김치,종료,13
36,시작,B닭가슴살채소죽,B우유(150ml),B사과(75g),S땅콩,S바나나(100g),잡곡밥(55),참치김치찌개,매콤낙지채소볶음,실곤약간장채소무침,비트초절이,S쌀음료,S둥글레차,잡곡밥(55),두부탕국,북어볶음,동초무침,석박지,종료,15
37,시작,B으깬견과류고구마샐러드(요거트),B고칼슘두유(190ml),B블루베리고구마샐러드,S복숭아(천도)-60g,S멜론(50g),찰현미밥(55),실파장국,참치어묵조림,감자당근채볶음,나박김치,S애플파이,S둥글레차,차조밥(55),얼갈이배추국,새우버터구이,건취나물간장볶음,비트초절이,종료,12
38,시작,B단호박튀김,B호두우유,B복숭아(황도)-80g,S참외(100g),S키위(100g),찹쌀보리밥(55),김치유부맑은국,대구구이,김무침,비트초절이,S닭가슴살채소죽,S매실쥬스,찹쌀보리밥(55),건새우감자국,파돼지불고기,청경채느타리무침,동치미,종료,12
39,시작,B찐옥수수,B두유(100ml),B복숭아(천도)-60g,S사과(35g),S복숭아(황도)-60g,찹쌀팥밥(55),차돌얼갈이국,고구마연근맛탕,진미채초무침,열무물김치,S우동,S식혜,찹쌀팥밥(55),동태맑은국,양배추맛살나물,감자당근채볶음,비트초절이,종료,12
40,시작,B으깬견과류고구마샐러드(요거트),B바나나쉐이크,B복숭아(천도)-60g,S사과(50g),S멜론(100g),찹쌀현미밥(55),얼갈이배추국,오리훈제구이,고구마순된장무침,배추김치,S크림떡볶이,S보리차,찹쌀현미밥(55),유부된장국,양배추낙지볶음,채소샐러드,나박김치,종료,15
41,시작,B으깬견과류고구마샐러드(요거트),B요구르트,B멜론(50g),S사과(35g),S블루베리고구마샐러드,기장밥(55),쑥갓어묵국,소고기채소조림,브로콜리무침,석박지,S(우유제외)옥수수버터구이,S떠먹는요구르트(100ml),기장밥(55),멸치장국,(저염)닭가슴살데리야끼조림,참치피망볶음,열무김치,종료,14
42,시작,B소고기스프,B복숭아호두스무디,B멜론(50g),S복숭아(60g),S참외(50g),흑미밥(63),다슬기된장국,소고기당면불고기,땅콩우엉무침,단배추물김치,S시금치견과류주먹밥,S보리차,흑미밥(63),온청포묵국,오리훈제구이,무미역생채,열무물김치,종료,15
43,시작,B버섯장국죽,B고구마쉐이크,B복숭아(60g),S복숭아(천도)-60g,S사과(75g),잡곡밥(55),맑은양배추국,새우버터구이,양배추무침,나박김치,S멸치주먹밥,S매실쥬스,잡곡밥(55),쑥갓맑은국,매콤주꾸미볶음,양배추무침,비트초절이,종료,14
44,시작,B(우유제외)단호박크림스프,B고구마쉐이크,B복숭아(60g),S복숭아(60g),S참외(50g),잡곡밥(63),실파장국,닭가슴살부추무침,브로콜리무침,나박김치,S고로케,S보리차,잡곡밥(63),동태살국,삼치무조림,진미채초무침,비트초절이,종료,13
45,시작,B(우유제외)단호박크림스프,B(우유제외)수제바나나두유,B복숭아(60g),S복숭아(60g),S사과(35g),현미밥(55),유부양파국,삼치무조림,건새우볶음,석박지,S으깬견과류고구마샐러드(요거트),S매실쥬스,현미밥(55),소고기탕국,채소옥수수튀김,얼갈이나물,동치미,종료,15
46,시작,B으깬견과류고구마샐러드(요거트),B(우유제외)두유미숫가루,B복숭아(60g),S당근스틱,S복숭아(천도)-80g,잡곡밥(63),유부쑥갓맑은국,(저염)갈치조림,애호박볶음,오이소박이김치,S멸치주먹밥,S보리차,잡곡밥(63),동태살무국,으깬두부채소전,건취나물간장볶음,배추김치,종료,15
47,시작,B으깬견과류고구마샐러드(요거트),B두유(100ml),B복숭아(천도)-60g,S복숭아(천도)-60g,S땅콩,감자밥(63),동태살무국,닭피망볶음,브로콜리무침,오이소박이김치,S(우유제외)토마토스파게티,S우유(200ml),감자밥(63),오징어숙주국,매콤낙지채소볶음,미나리사과무침,배추김치,종료,12
48,시작,B으깬견과류고구마샐러드(요거트),B두유(150ml),B참외(50g),S블루베리(50g),S사과(35g),수수밥(63),얼갈이배추국,매콤낙지채소볶음,감자당근채볶음,비트초절이,S새우크림소스볶음,S식혜,수수밥(63),동태살무국,삼겹살구이,상추겉절이,배추김치,종료,13
49,시작,B약과,B(우유제외)수제바나나두유,B복숭아(천도)-60g,S복숭아(60g),S사과(35g),완두콩밥(55),건새우시금치국,떡갈비간장조림,애호박볶음,배추김치,S고로케,S우유(200ml),완두콩밥(55),동태살무국,삼치무조림,아욱무침,배추김치,종료,13
50,시작,B소고기미역죽,B고구마쉐이크,B복숭아(60g),S사과(35g),S자두(50g),수수밥(55),동태살무국,온두부찜,사과미나리무침,비트초절이,S단호박꿀찜,S보리차,수수밥(55),유부쑥갓맑은국,칠리새우,건취나물간장볶음,배추김치,종료,15
51,시작,B삶은고구마,B두유(100ml),B멜론(50g),S참외(50g),S멜론(50g),찹쌀현미밥(55),동태살국,오리훈제구이,채소샐러드,깍두기,S매실젤리,S오미자아이스크림,찹쌀현미밥(63),아욱우렁된장국,매콤주꾸미볶음,미역줄기채소볶음,비트초절이,종료,15
52,시작,B크래미게살죽,B(우유제외)호두두유,B사과(100g),S참외(50g),S(우유제외)과일화채,쌀밥(40),다진소고기콩나물국,돼지고기양배추볶음,오이토마토샐러드(발사믹드레싱),파김치,S증편(40g),S떠먹는요구르트(100ml),쌀밥(40),버섯부추국,두부톳무침,쑥갓나물,열무물김치,종료,15
53,시작,B치즈머핀,B두유(100ml),B사과(35g),S복숭아(천도)-60g,S사과(100g),밤찹쌀팥밥(55),유부쑥갓맑은국,으깬두부채소전,새우살호박볶음,열무물김치,S으깬견과류고구마샐러드(요거트),S보리차,밤찹쌀팥밥(55),대파감자국,닭날개북어찜,참치양파볶음,얼갈이배추김치,종료,15
54,시작,B김치죽,B고구마쉐이크,B복숭아(80g),S복숭아(황도)-60g,S참외(50g),찹쌀밥(40),쑥갓어묵탕,훈제오리냉채,봄동무침,오이소박이김치,S(우유제외)로제스파게티,S떠먹는요구르트(100ml),찹쌀밥(55),맑은애호박국,두부찜+흑임자소스,배추겉절이,배추김치,종료,14
55,시작,B단호박떡케익,B두유(100ml),B복숭아(60g),S청포도(100g),S멜론(50g),잡곡밥(55),실파장국,돈까스,얼갈이된장나물,나박김치,S샌드위치,S검은깨두유(150ml),잡곡밥(55),대파감자국,탕평채무침,건새우애호박볶음,비트초절이,종료,13
56,시작,B밤죽,B요구르트,B과일샐러드(요거트드레싱),S오렌지(50g),S사과(35g),잡곡밥(63),미니유부우동,닭봉구이,브로콜리숙채,석박지,S스크램블에그(버터),S레몬주스,콩나물밥+양념장,시래기된장국,뱅어포튀김,쑥갓무침,배추김치,종료,15
57,시작,B으깬견과류고구마샐러드(요거트),B두유(100ml),B복숭아(60g),S사과(35g),S멜론(50g),찹쌀보리밥(63),온도토리묵국,오리훈제구이,얼갈이된장나물,석박지,S크림떡볶이,S오미자차,찹쌀보리밥(63),콩가루얼갈이배추국,수제비샐러드,브로콜리무침,깍두기,종료,13
58,시작,B우엉채소볶음밥,B두유(100ml),B멜론(50g),S복숭아(천도)-60g,S멜론(50g),검정콩밥(63),동태살무국,참치어묵조림,배추게맛살샐러드,배추김치,S치즈,S보리차,알리오올리오스파게티,팽이장국,감자그라탕,과일샐러드(요거트드레싱),비트초절이,종료,15
59,시작,B고구마경단,B(우유제외)수제바나나두유,B복숭아(60g),S푸실리샐러드,S복숭아(60g),찰현미밥(55),단호박새우젓국,연두부찜,배무생채,열무물김치,S크림떡볶이,S코코아,찰현미밥(55),차돌얼갈이국,오리훈제구이,맛살양상추샐러드,단배추물김치,종료,14
60,시작,B소고기미역죽,B두유(100ml),B참외(50g),S복숭아(천도)-60g,S멜론(50g),밤콩밥(55),두부새우젓국,채소옥수수튀김,상추겉절이,단배추물김치,S크림떡볶이,S오미자차,밤콩밥(55),팽이장국,참치어묵조림,도토리묵상추무침,배추김치,종료,11
61,시작,B크로와상,B요구르트,B복숭아(60g),S블루베리(50g),S사과(50g),율무밥(55),호박감자수제비국,두부톳무침,미역줄기채소볶음,나박김치,S단팥빵,S우유(200ml),율무밥(55),동태살무국,오리훈제구이,아욱무침,열무물김치,종료,12
62,시작,B양송이크림스프,B(우유제외)수제바나나두유,B복숭아(황도)-60g,B복숭아(황도)-60g,S거봉(100g),율무밥(63),오징어숙주국,애호박생선살찜,동초무침,단배추물김치,S크림빵,S둥글레차,율무밥(63),대파감자국,매콤주꾸미볶음,매쉬드포테이토,열무김치,종료,14
63,시작,B크로와상(30g),B고구마쉐이크,B사과(35g),S복숭아(천도)-60g,S호두,검정콩밥(55),김치양파국,라조기,황태채조림,깍두기,S단호박꿀찜,S검은깨두유(150ml),검정콩밥(55),시금치맑은국,매콤주꾸미볶음,양상추요거트샐러드,석박지,종료,14
64,시작,B꿀떡,B두유(100ml),B복숭아(황도)-60g,S푸실리샐러드,S복숭아(천도)-60g,차조밥(63),다슬기된장국,매콤낙지채소볶음,동초무침,열무물김치,S(우유제외)토마토스파게티,S보리차,차조밥(63),콩가루얼갈이배추국,삼겹살구이,건취나물간장볶음,비트초절이,종료,10
65,시작,B으깬견과류고구마샐러드(요거트),S우유(200ml),B복숭아(60g),S사과(35g),S복숭아(천도)-60g,율무밥(55),실파장국,닭가슴살부추무침,진미채초무침,나박김치,S멸치주먹밥,S둥글레차,율무밥(55),동태맑은국,라조기,애호박건새우볶음,비트초절이,종료,13
66,시작,B당근죽,B복숭아호두스무디,S사과(50g),S참외(50g),S사과(35g),팥밥(63),팽이장국,탕평채무침,감자당근채볶음,열무물김치,S크림떡볶이,S보리차,팥밥(63),유부쑥갓맑은국,감자그라탕,해초볶음,파프리카피클,종료,12
67,시작,B치즈스틱,B요구르트,B멜론(100g),S복숭아(백도)-80g,S참외(100g),기장밥(63),매콤콩나물국,닭다리카레찜,브로콜리무침,비트초절이,S단호박설기,S검은콩두유(150ml),기장밥(63),어묵국,소고기떡조림,양배추볶음,파김치,종료,13
68,시작,B우엉채소볶음밥,B두유(100ml),B멜론(50g),S복숭아(백도)-80g,S사과(50g),팥밥(55),쑥갓어묵국,삼치무조림,해초볶음,나박김치,S고로케,S우유(100ml),팥밥(55),쑥갓어묵탕,탕평채무침,무미역생채,배추김치,종료,12
69,시작,B노란시루떡,B고구마쉐이크,B복숭아(천도)-60g,S사과(35g),S멜론(50g),찹쌀현미밥(55),동태살무국,오리훈제구이,미역줄기채소볶음,비트초절이,S채소찐빵,S오미자아이스크림,찹쌀현미밥(55),애호박맑은국,맛살무침,애호박건새우볶음,배추김치,종료,15
70,시작,B냉콩국+소면,B요구르트,B당근스틱,S아몬드,S사과(35g),흑미밥(55),돼지사골국,양파어묵전,곤약김치무침,나박김치,S떡볶이,S오미자차,흑미밥(55),두부감자국,주꾸미숙회,얼갈이나물,비트초절이,종료,15
71,시작,B(우유제외)당근크림스프,B고구마쉐이크,B복숭아(60g),S참외(50g),S블루베리(50g),밤콩밥(63),조갯살된장찌개,주꾸미숙회,파래무침,열무김치,S멸치주먹밥,S둥글레차,밤콩밥(63),애호박새우젓국,옥수수채소튀김,해초볶음,열무물김치,종료,15
72,시작,B고구마경단,B두유(100ml),B멜론(50g),S블루베리(50g),S사과(35g),소고기하이라이스,유부쑥갓맑은국,크래미채소샐러드,애호박새우젓볶음,비트초절이,S매실젤리,S매실쥬스,흑미밥(63),매콤애호박국,청경채불고기,동초무침,콜라비나박김치,종료,15
73,시작,B소고기타락죽,B요구르트,B복숭아(60g),S사과(35g),B수박(100g),완두콩밥(55),실파장국,훈제오리냉채,건새우애호박볶음,깍두기,S멸치주먹밥,S매실쥬스,완두콩밥(55),모듬버섯찌개,차돌숙주볶음,감자조림,석박지,종료,14
74,시작,B닭백숙,B(우유제외)바나나쉐이크,B복숭아(60g),S복숭아(황도)-80g,S멜론(50g),찹쌀밥(40),동태살국,새우살볶음,브로콜리무침,열무김치,S으깬견과류고구마샐러드(요거트),S보리차,찹쌀밥(40),차돌얼갈이국,감자부추전,애호박볶음,단배추물김치,종료,14
75,시작,B모카빵,B토마토쉐이크,B멜론(50g),S견과류,S참외샐러드,수수밥(63),감자호박국,라조기,깻잎순멸치볶음,열무물김치,S떡볶이,S보리차,수수밥(63),닭고기채소찌개,훈제오리단호박찜,실곤약간장채소무침,비트초절이,종료,15
76,시작,B으깬견과류고구마샐러드(요거트),B복숭아호두스무디,B참외(50g),S사과(35g),S멜론(50g),잡곡밥(55),쑥갓어묵탕,수제비샐러드,얼갈이된장나물,배추김치,S닭가슴살채소죽,S둥글레차,잡곡밥(55),북어달걀국,닭다리카레찜,해초볶음,나박김치,종료,15
77,시작,B브로콜리소고기죽,B검은콩두유(100ml),B멜론(50g),S사과(35g),S복숭아(황도)-80g,수수밥(55),얼갈이맑은국,소고기채소조림,청경채된장무침,파김치,S샌드위치,S코코아,찰현미밥(63),양파오징어국,삼치유자청구이,진미채초무침,나박김치,종료,12
78,시작,B단팥도너츠,B검은깨두유(100ml),B사과(50g),S복숭아(황도)-80g,S아몬드,찹쌀팥밥(55),미역미소장국,삼겹살구이,참나물간장무침,나박김치,S우동,S요구르트,오리훈제볶음밥,맑은애호박국,애호박생선살찜,동초무침,동치미,종료,15
79,시작,B참치가지볶음밥,B호두우유,B참외(50g),S복숭아(60g),S멜론(50g),기장밥(55),모듬버섯찌개,소면채소무침,오이생채,단배추물김치,S떡볶이,S보리차,기장밥(55),청경채맑은국,애호박생선살찜,다시마북어볶음,열무물김치,종료,13
80,시작,B수제비,B(우유제외)수제바나나두유,B멜론(50g),S사과(35g),S멜론(50g),완두콩밥(55),쑥국,삼겹살구이,무몰무침,나박김치,S증편(40g),S보리차,고구마밥(55),동태살무국,새우살크림소스볶음,실곤약간장채소무침,비트초절이,종료,13
81,시작,B으깬견과류고구마샐러드(요거트),B바나나쉐이크,S사과(35g),S복숭아(60g),S참외(50g),기장밥(55),유부쑥갓맑은국,삼겹살구이,맛살양상추샐러드,오이소박이김치,S단팥빵,S우유(200ml),기장밥(55),동태살무국,참치어묵조림,사과미나리무침,열무물김치,종료,13
82,시작,B삶은달걀(30g),B고구마쉐이크,B당근스틱,S바나나(100g),S멜론(100g),현미밥(55),유부쑥갓맑은국,삼겹살구이,상추쌈,열무물김치,S(우유제외)웨지감자구이,S보리차,현미밥(63),애호박맑은국,채소옥수수튀김,브로콜리무침,석박지,종료,13
83,시작,B새우튀김,B떠먹는요구르트(100ml),B복숭아(60g),S참외(50g),S복숭아(60g),밤콩밥(55),콩가루얼갈이배추국,옥수수치즈전,옥수수버터구이,나박김치,S치즈,S(우유제외)고구마쉐이크,밤콩밥(55),감자된장국,매콤낙지채소볶음,감자당근채볶음,비트초절이,종료,14
84,시작,B온도토리묵밥,B요구르트,B참외(100g),S멜론(100g),S멜론(50g),오징어채소덮밥,미니유부우동,새우버터구이,채소샐러드,비트초절이,S으깬견과류고구마샐러드(요거트),S보리차,밤찹쌀팥밥(55),만두국(가공만두),삼치무조림,모듬쌈,열무물김치,종료,14
85,시작,B치즈스틱,B검은콩두유(150ml),B복숭아(80g),S포도(100g),S(우유제외)과일화채,잡곡밥(63),찹쌀옹심이국,닭가슴살부추무침,마카로니오이샐러드,총각김치,S단호박구이,S보리차,잡곡밥(63),꼬막된장찌개,닭봉조림,우엉채조림,비트초절이,종료,12
86,시작,B당근죽,B두유(100ml),B사과(75g),S복숭아(천도)-60g,S자두(50g),참나물유부초밥,안매운김치국,닭가슴살고구마볶음,건새우애호박볶음,비트초절이,S크림떡볶이,S둥글레차,흑미밥(63),매콤애호박국,삼치무조림,건취나물간장볶음,오이소박이김치,종료,12
87,시작,B달걀당근죽,B검은깨두유(150ml),B블루베리고구마샐러드,S복숭아(60g),S참외(50g),쌀밥(40),동태살국,메추리알피망볶음,애호박볶음,석박지,S연두부샐러드(오리엔탈드레싱),S매실쥬스,쌀밥(40),해물탕,옥수수채소튀김,진미채초무침,배추김치,종료,13
88,시작,B으깬견과류고구마샐러드(요거트),B우유(100ml),B청포도(100g),S복숭아(60g),S사과(35g),수수밥(63),감자미역국,훈제오리냉채,건새우애호박볶음,오이소박이김치,S멸치주먹밥,S보리차,수수밥(63),소고기숙주국,매콤낙지채소볶음,브로콜리무침,배추김치,종료,15
89,시작,B소고기미역죽,B(우유제외)수제바나나두유,B참외(50g),S복숭아(천도)-60g,S사과(35g),밤찹쌀팥밥(55),실파맑은국,소고기당면불고기,오이생채,배추김치,S으깬견과류고구마샐러드(요거트),S고칼슘우유(100ml),밤찹쌀팥밥(63),쑥국,소고기떡볶음,매콤숙주미나리무침,비트초절이,종료,12
90,시작,B단호박크림스프,B검은깨두유(150ml),B멜론(75g),S사과(75g),S참외(100g),현미밥(55),어묵국,골뱅이무침,양배추샐러드,석박지,S노란시루떡,S(우유제외)고구마쉐이크,현미밥(55),버섯부추국,닭살구이,진미채초무침,배추김치,종료,15
91,시작,B단호박꿀찜,B(우유제외)수제바나나두유,B멜론(50g),S사과(35g),S멜론(50g),현미밥(55),차돌얼갈이국,유부맛살숙주무침,감자당근채볶음,단배추물김치,S치즈머핀,S우유(100ml),현미밥(55),동태살국,옥수수채소튀김,땅콩우엉무침,열무물김치,종료,13
92,시작,B아욱된장죽,B(우유제외)바나나쉐이크,B사과(35g),S복숭아(60g),S멜론(50g),율무밥(55),건새우감자국,오징어새우볶음,브로콜리무침,열무물김치,S으깬견과류고구마샐러드(요거트),S우유(200ml),율무밥(55),동태살국,(저염·저당)메추리알장조림,애호박볶음,비트초절이,종료,12
93,시작,B꿀떡,B(우유제외)수제블루베리우유,B멜론(50g),S참외(50g),S블루베리(50g),현미밥(55),동태살국,오징어채소볶음,브로콜리무침,열무물김치,S마늘빵,S우유(200ml),현미밥(63),멸치장국,애호박생선살찜,얼갈이나물,나박김치,종료,13
94,시작,B소고기주먹밥,B두유(100ml),B사과(35g),S수박(100g),S사과(35g),씻은김치볶음밥,동태살무국,고구마연근맛탕,청경채나물,나박김치,S가래떡구이,S둥글레차,현미밥(55),아욱우렁된장국,탕평채무침,애호박볶음,석박지,종료,13
95,시작,B참나물유부초밥,B수제딸기우유,B멜론(50g),S복숭아(60g),S멜론(50g),쌀밥(40),해물탕,애호박생선살찜,진미채초무침,나박김치,S(우유제외)토마토스파게티,S보리차,쌀밥(40),팽이장국,매콤낙지채소볶음,애호박볶음,석박지,종료,15
96,시작,B연두부샐러드(오리엔탈드레싱),B바나나쉐이크,S사과(35g),S멜론(50g),S복숭아(60g),율무밥(55),차돌얼갈이국,매콤주꾸미볶음,브로콜리무침,단배추물김치,S슈크림빵,S보리차,율무밥(63),동태살국,옥수수채소튀김,호박고지나물,열무물김치,종료,13
97,시작,B치즈게살죽,B(우유제외)수제바나나두유,B복숭아(황도)-60g,S사과(35g),S복숭아(황도)-80g,찹쌀팥밥(63),콩가루얼갈이배추국,으깬두부채소전,해초볶음,열무물김치,S증편(40g),S식혜,찹쌀팥밥(63),두부새우젓국,탕평채무침,새싹채소샐러드,나박김치,종료,12
98,시작,B채소전,B떠먹는요구르트(100ml),B사과샐러드(마요네즈),S자두(50g),S멜론(50g),찹쌀팥밥(63),멸치장국,애호박생선살찜,배추겉절이,오이소박이김치,S채소찐빵,S보리차,찹쌀팥밥(63),오징어숙주국,참치어묵조림,브로콜리무침,배추김치,종료,12
99,시작,B소고기미역죽,B(우유제외)수제바나나두유,B배(50g),S멜론(50g),S복숭아(황도)-80g,보리밥(63),다슬기된장국(올갱이국),시금치두부전,얼갈이나물,갓김치,S크림떡볶이,S보리차,보리밥(63),얼갈이맑은국,삼치무조림,뱅어포구이,배추김치,종료,15
100,시작,B옥수수치즈스프,B두유(100ml),B멜론(50g),S사과(35g),S참외(50g),완두콩밥(55),홍합미역국,온두부찜,얼갈이된장나물,비트초절이,S찐고구마,S우유(200ml),완두콩밥(55),북어달걀국,오징어채소볶음,건파래자반,오이소박이김치,종료,13
101,시작,B으깬견과류고구마샐러드(요거트),B과일연두부스무디,B복숭아(60g),S호두,S사과(35g),팥밥(55),동태살국,찹스테이크,건새우애호박볶음,나박김치,S단팥빵,S보리차,돼지고기굴소스덮밥,실파장국,옥수수치즈전,진미채초무침,석박지,종료,11
102,시작,B치즈게살죽,B두유(100ml),B멜론(50g),S참외(50g),S멜론(50g),차조밥(55),동태맑은국,옥수수채소튀김,브로콜리무침,단배추물김치,S(우유제외)토마토스파게티,S매실쥬스,차조밥(55),두부새우젓국,애호박생선살찜,무미역무침,열무김치,종료,14
103,시작,B양파치즈스프,B(우유제외)수제바나나두유,B멜론(50g),S자두(50g),S멜론(50g),찹쌀보리밥(63),동태살무국,옥수수채소튀김,매콤숙주미나리무침,비트초절이,S시금치견과류주먹밥,S둥글레차,찹쌀보리밥(63),팽이장국,미역귀튀각,무미역생채,배추김치,종료,15
104,시작,B으깬견과류고구마샐러드(요거트),B(우유제외)수제바나나두유,B참외(50g),S복숭아(천도)-60g,S멜론(50g),찹쌀현미밥(63),동태살무국,참치어묵조림,브로콜리무침,배추김치,S(우유제외)수제멸치과자,S보리차,찹쌀현미밥(55),오징어숙주국,돼지고기굴소스볶음,애호박볶음,배추김치,종료,12
105,시작,B소고기미역죽,B떠먹는요구르트(100ml),B복숭아(60g),S사과(100g),S멜론(50g),잡곡밥(55),실파장국,파돼지불고기,건새우애호박볶음,오이소박이김치,S으깬견과류고구마샐러드(요거트),S보리차,잡곡밥(55),동태살무국,참치어묵조림,쑥갓나물,나박김치,종료,15
106,시작,B(우유제외)브로콜리스프,B(우유제외)수제바나나두유,B복숭아(황도)-60g,S(우유제외)과일화채,S사과(100g),밤콩밥(55),맑은애호박국,(저염)갈치조림,미니새송이버섯볶음,배추김치,S닭영양죽,S검은깨두유(200ml),옥수수밥(63),부추맑은국,삼치카레구이,옥수수버터구이,열무물김치,종료,12
107,시작,B주먹밥,B검은깨두유(150ml),B청포도(100g),S당근스틱,S참외(50g),파프리카유부초밥,두부새우젓국,아몬드달걀찜,청포묵숙주김무침,단무지,S호박죽,S과일연두부스무디,밤찹쌀팥밥(63),대파감자국,삼치무조림,뱅어포구이,나박김치,종료,13
108,시작,B치즈,B두유(100ml),B복숭아(60g),S사과(35g),S멜론(50g),옥수수밥(55),호박감자수제비국,라조기,곤드레나물볶음,오이소박이김치,S단호박설기,S둥글레차,옥수수밥(63),동태살무국,닭고기냉채,건새우애호박볶음,비트초절이,종료,15
109,시작,B소고기미역죽,B두유(100ml),B복숭아(60g),S복숭아(60g),S멜론(50g),찰현미밥(55),두부젓국찌개,옥수수채소튀김,과일샐러드(요거트드레싱),배추김치,S크림떡볶이,S둥글레차,찰현미밥(55),S참외(100g),연두부찜,동초무침,단배추물김치,종료,13
110,시작,B고구마경단,B두유(150ml),B멜론(50g),S자두(50g),S사과(35g),현미밥(63),콩가루얼갈이배추국,소고기양배추조림,매쉬드포테이토,열무물김치,S치즈머핀,S토마토주스,현미밥(63),두부새우젓국,(저염)갈치조림,동초무침,나박김치,종료,14
111,시작,B치즈스틱,B(우유제외)수제바나나두유,B복숭아(80g),S사과(35g),S복숭아(황도)-60g,쌀밥(63),감자된장국,(저염)갈치조림,상추오이무침,나박김치,S절편(40g),S오미자아이스크림,쌀밥(63),해물탕,고구마연근맛탕,참치양파볶음,콜라비나박김치,종료,15
112,시작,B으깬견과류고구마샐러드(요거트),B요구르트,B참외(50g),S복숭아(60g),S멜론(50g),현미밥(55),근대국,돼지고기카레볶음,도라지나물,나박김치,S으깬견과류고구마샐러드(요거트),S오미자차,김치햄볶음밥,닭고기채소찌개,새우살크림소스볶음,건파래자반,열무물김치,종료,12
113,시작,B소고기타락죽,B요구르트,B복숭아(60g),S사과(35g),S멜론(50g),보리밥(55),모듬버섯찌개,오리훈제구이,진미채초무침,열무물김치,S멸치주먹밥,S둥글레차,보리밥(55),건새우시금치국,라조기,브로콜리무침,비트초절이,종료,13
114,시작,B브로콜리크림스프,B두유(150ml),B수박(100g),S참외(50g),S멜론(100g),밤밥(55),오징어찌개,오리훈제구이,무화과땅콩조림,나박김치,S약식,S검은깨두유(100ml),밤밥(55),쑥갓어묵탕,닭다리카레찜,양배추볶음,동치미,종료,15
115,시작,B으깬견과류고구마샐러드(요거트),B두유(100ml),B복숭아(60g),S(우유제외)수박화채,S멜론(100g),검정콩밥(55),유부쑥갓맑은국,(저염)갈치조림,동초무침,오이소박이김치,S샌드위치,S보리차,검정콩밥(55),실파장국,칠리새우,과일샐러드(요거트드레싱),배추김치,종료,13
116,시작,B소보로빵,B복숭아호두스무디,B사과(35g),S아몬드,S사과(50g),현미밥(55),다슬기된장국,돼지고기카레볶음,시금치나물,열무물김치,S채소찐빵,S코코아,현미밥(55),안매운김치국,참치양파볶음,가지구이,비트초절이,종료,15
117,시작,B(우유제외)아몬드스프,B요구르트,B사과(35g),S복숭아(백도)-80g,S사과(35g),콩나물밥,양송이된장국,닭살구이,동초무침,단배추물김치,S버터감자구이,S쌀음료,검정콩밥(55),미니유부우동,새우버터구이,팽이버섯나물,깻잎김치,종료,15
118,시작,B치즈머핀,B고구마쉐이크,B사과(35g),S자두(50g),S멜론(50g),감자밥(63),실파장국,매콤오징어볶음,상추겉절이,열무물김치,S파프리카유부초밥,S식혜,감자밥(63),꼬막된장찌개,오징어채소볶음,단호박구이,비트초절이,종료,13
119,시작,B옥수수치즈스프,B(우유제외)수제바나나두유,B참외(50g),S사과(35g),S복숭아(60g),찹쌀팥밥(55),대파감자국,당면김말이튀김,시래기볶음나물,비트초절이,S크림떡볶이,S우유(200ml),찹쌀팥밥(55),얼갈이배추국,연근감자전,참나물간장무침,배추김치,종료,10
120,시작,B밤설기(40g),B고구마쉐이크,B복숭아(60g),S복숭아(60g),S사과(35g),밤찹쌀팥밥(55),유부쑥갓맑은국,두부톳무침,감자당근채볶음,배추김치,S슈크림빵,S우유(200ml),밤찹쌀팥밥(55),동태살무국,삼겹살구이,사과미나리무침,배추김치,종료,13
121,시작,B찐밤,B요구르트,B복숭아(천도)-80g,S아몬드,S멜론퓨레,고구마밥(55),온도토리묵국,동태포전,실곤약간장채소무침,동치미,S녹차밤양갱,S오미자아이스크림,볶음우동,쑥갓어묵탕,훈제오리구이,파래무침,얼갈이배추김치,종료,15
122,시작,B치즈스틱,B(우유제외)수제바나나두유,B복숭아(80g),S블루베리고구마샐러드,S멜론(100g),밤밥(55),오징어숙주국,닭가슴살부추무침,채소샐러드,나박김치,S단호박설기,S둥글레차,밤밥(55),동태맑은국,두부냉채,참치피망볶음,비트초절이,종료,12
123,시작,B치즈머핀,B검은콩두유(100ml),B복숭아(황도)-60g,S사과(35g),S복숭아(60g),고구마밥(63),차돌얼갈이국,쑥갓두부무침,호박고지나물,단배추물김치,S카카오올리브케익,S매실쥬스,고구마밥(63),오징어숙주국,소고기브로콜리조림,진미채초무침,열무물김치,종료,14
124,시작,B(우유제외)당근스프,B두유(100ml),B참외(50g),S자두(50g),S멜론(50g),찹쌀현미밥(63),모듬버섯찌개,감자부추전,애호박볶음,비트초절이,S크림떡볶이,S매실차,찹쌀현미밥(63),얼갈이배추국,고구마연근맛탕,새싹채소샐러드,나박김치,종료,11
125,시작,B생선죽,B검은깨두유(100ml),B사과(50g),S복숭아(황도)-80g,S멜론(50g),찰현미밥(63),두부콩나물국,닭살데리야끼구이,청경채나물,나박김치,S단호박구이,S검은깨두유(100ml),찰현미밥(55),미니유부우동,두부톳무침,동초무침,석박지,종료,15
126,시작,B양파치즈스프,B(우유제외)수제바나나두유,B복숭아(황도)-60g,S블루베리고구마샐러드,S복숭아(천도)-60g,쌀밥(40),동태살무국,라조기,호박고지나물,나박김치,S쌀과자,S보리차,쌀밥(40),해물탕,매콤주꾸미볶음,감자당근채볶음,석박지,종료,15
127,시작,B치즈,B(우유제외)바나나쉐이크,B참외(50g),S복숭아(60g),S블루베리고구마샐러드,밤찹쌀팥밥(63),오징어숙주국,시금치두부전,애호박건새우볶음,단배추물김치,S단팥빵,S매실쥬스,밤찹쌀팥밥(55),동태맑은국,참치어묵조림,새싹채소샐러드,배추김치,종료,12
128,시작,B새우치즈죽,B검은깨두유(200ml),B방울토마토(35g),S사과(35g),S참외(50g),쌀밥(40),차돌얼갈이국,매콤낙지채소볶음,더덕사과무침,단배추물김치,S(우유제외)토마토스파게티,S매실쥬스,쌀밥(40),동태살국,훈제오리양파볶음,브로콜리무침,열무김치,종료,15
129,시작,B볶음현미죽,B고구마쉐이크,B복숭아(60g),S당근스틱,S멜론(50g),밤찹쌀팥밥(55),배추된장국,돼지고기간장불고기,사과미나리무침,열무물김치,S단팥빵,S보리차,밤찹쌀팥밥(55),애호박맑은국,오징어굴소스볶음,사과미나리무침,배추김치,종료,12
130,시작,B소고기스프,B고구마쉐이크,B복숭아(60g),S참외(100g),S사과(35g),현미밥(63),동태살무국,고구마연근맛탕,사과미나리무침,배추김치,S연두부샐러드(오리엔탈드레싱),S보리차,현미밥(63),애호박맑은국,닭고기냉채,브로콜리무침,열무물김치,종료,12
131,시작,B감자된장죽,B고구마쉐이크,B복숭아(60g),S사과(35g),S멜론(50g),참나물유부초밥,팽이장국,채소비빔소면,건새우애호박볶음,열무물김치,S치즈머핀,S매실쥬스,찹쌀현미밥(55),동태살국,매콤낙지채소볶음,애호박볶음,나박김치,종료,14
132,시작,B절편(40g),B과일연두부스무디,B복숭아(60g),S복숭아(60g),S사과(35g),밤밥(55),오징어숙주국,해산물부추전,건새우애호박볶음,석박지,S치즈머핀,S우유(200ml),밤밥(55),실파장국,삼치무조림,감자당근채볶음,오이소박이김치,종료,11
133,시작,B치즈,B두유(100ml),B사과(100g),S복숭아(황도)-80g,S참외(50g),소고기카레라이스,실파무채국,오리훈제구이,가지양념무침,열무물김치,S단호박샐러드(마요네즈),S(우유제외)고구마쉐이크,밤콩밥(63),부추맑은국,매콤주꾸미볶음,실곤약간장채소무침,깍두기,종료,15
134,시작,B아욱죽,B두유(150ml),B복숭아(60g),S멜론(50g),S참외(50g),찹쌀보리밥(63),모듬버섯찌개,새우살채소깨무침,오이쌈장무침,비트초절이,S크로와상(30g),S우유(200ml),찹쌀보리밥(63),온청포묵국,시금치두부전,브로콜리무침,배추김치,종료,14
135,시작,B새우죽,B호두우유,B복숭아(백도)-60g,S멜론퓨레,S포도(100g),검정콩밥(55),실파맑은국,브로콜리오징어무침,진미채초무침,열무물김치,S크랜베리찹쌀케이크,S우유(200ml),검정콩밥(55),김치양파국,매콤주꾸미볶음,브로콜리무침,열무물김치,종료,14
136,시작,B타락죽,B검은깨두유(200ml),B멜론(100g),S자두(50g),S아몬드,감자밥(55),청국장찌개,삼치쌈장조림,얼갈이나물,나박김치,S쑥설기(40g),S코코아,닭살카레라이스,실파김국,닭가슴살샐러드(머스타드소스),참나물간장무침,단무지,종료,14
137,시작,B증편(40g),B검은깨두유(100ml),B사과(50g),S멜론(50g),S사과(35g),파프리카유부초밥,실파장국,옥수수치즈전,곤드레나물볶음,열무물김치,S크림떡볶이,S오미자차,찹쌀팥밥(55),올갱이된장국,청경채불고기,동초무침,콜라비나박김치,종료,15
138,시작,B노란시루떡,B(우유제외)수제바나나두유,B참외(50g),S참외(50g),S복숭아(천도)-80g,찹쌀팥밥(63),동태살무국,닭고기냉채,곤드레나물볶음,배추김치,S증편(40g),S오미자아이스크림,찹쌀팥밥(63),건새우시금치국,두부톳무침,게맛살피망채볶음,나박김치,종료,15
139,시작,B으깬견과류고구마샐러드(요거트),B(우유제외)수제바나나두유,B복숭아(60g),S복숭아(60g),S사과(35g),기장밥(55),온도토리묵국,소면채소무침,애호박건새우볶음,B두유(200ml),S단호박샐러드,S우유(200ml),기장밥(55),닭고기채소찌개,삼겹살구이,상추쌈,배추김치,종료,11
140,시작,B고구마경단,B우유미숫가루,B사과(100g),S사과(35g),S멜론(50g),돼지고기굴소스덮밥,유부쑥갓맑은국,베이컨애호박볶음,곤드레나물볶음,열무물김치,S크랜베리찹쌀케이크,S둥글레차,고구마밥(55),오징어숙주국,참치어묵조림,건새우애호박볶음,비트초절이,종료,15
141,시작,B닭백숙,S우유(200ml),B블루베리고구마샐러드,S복숭아(60g),S사과(35g),수수밥(55),얼갈이맑은국,새우살볶음,파래무침,비트초절이,S(우유제외)아몬드사과도넛,S우유(200ml),수수밥(55),쑥갓어묵탕,새우깐풍기,브로콜리무침,석박지,종료,9
142,시작,B가래떡구이,B고구마쉐이크,B복숭아(황도)-60g,S복숭아(천도)-60g,S사과(50g),찹쌀현미밥(55),다슬기된장국,도토리묵상추무침,건새우애호박볶음,배추김치,S크림떡볶이,S둥글레차,찹쌀현미밥(55),유부쑥갓맑은국,돼지고기굴소스볶음,해초볶음,비트초절이,종료,14
143,시작,B치즈머핀,B고구마쉐이크,B복숭아(60g),S(우유제외)수박화채,S호두,감자밥(63),동태살국,칠리새우,진미채초무침,석박지,S슈크림빵,S보리차,감자밥(63),팽이장국,삼치무조림,채소샐러드,깍두기,종료,15
144,시작,B소고기미역죽,B복숭아호두스무디,S사과(35g),B복숭아(60g),S멜론(50g),율무밥(63),버섯개장,참치어묵조림,얼갈이된장나물,배추김치,콜라비나박김치,S보리차,율무밥(63),온청포묵국,닭가슴살구이+소스,애호박볶음,배추김치,종료,14
145,시작,B단호박견과류찜,B두유(150ml),B배(50g),S복숭아(60g),S멜론(50g),팥밥(63),쑥갓어묵탕,물만두,도토리묵상추무침,비트초절이,S치즈,S보리차,팥밥(63),팽이장국,새우살크림소스볶음,양배추샐러드,석박지,종료,13
146,시작,B절편(40g),B(우유제외)고구마쉐이크,B복숭아(60g),S복숭아(황도)-80g,S멜론(50g),현미밥(55),쑥갓어묵탕,애호박생선살찜,새싹채소샐러드,석박지,S단팥빵,S오미자아이스크림,현미밥(55),콩가루얼갈이배추국,참치어묵조림,브로콜리무침,배추김치,종료,13
147,시작,B소고기감자죽,B떠먹는요구르트(100ml),B단감(50g),S사과(75g),S복숭아(천도)-80g,찹쌀팥밥(55),부추미소장국,(우유제외)닭가슴살버터구이,채소샐러드,총각김치,S단호박샐러드,S코코아,찹쌀팥밥(55),가지냉국,매콤주꾸미볶음,매쉬드포테이토,나박김치,종료,13
148,시작,B소고기미역죽,B고구마쉐이크,B복숭아(60g),S푸실리샐러드,S복숭아(60g),옥수수밥(55),쑥갓어묵탕,으깬두부채소전,오이생채,나박김치,S떡볶이,S매실주스,옥수수밥(55),온도토리묵국,닭가슴살버터구이,참치애호박볶음,석박지,종료,12
149,시작,B새우크림소스볶음,B요구르트,B사과(35g),S토마토(200g),S블루베리고구마샐러드,율무밥(63),다진소고기콩나물국,오리훈제구이,양배추호두무침,깍두기,S(우유제외)수제멸치과자,S망고주스,율무밥(63),단호박새우젓국,달걀찜(30g),시래기된장무침,동치미,종료,12
150,시작,B도너츠,B고칼슘우유(100ml),B참외(100g),S복숭아(황도)-80g,S복숭아(천도)-80g,콩나물무밥,두부새우젓국,낙지떡찜,애호박볶음,오이소박이김치,S매실젤리,S둥글레차,밤찹쌀팥밥(63),버섯찌개,칠리새우,바나나사과키위샐러드,깻잎김치,종료,15
151,시작,B생선죽,B두유(100ml),B사과(50g),S수박(100g),S사과(100g),완두콩밥(63),버섯샤브샤브,새우살크림소스볶음,매콤콩나물무침,나박김치,S단호박구이,S둥글레차,김치우동,Empty,옥수수치즈전,애호박나물,석박지,종료,15
152,시작,B소고기미역죽,B두유(100ml),B복숭아(60g),S당근스틱,S키위(50g),고구마밥(55),팽이장국,수제비샐러드,무사과무침,깍두기,S쿠키,S우유(200ml),고구마밥(55),건새우시금치국,달걀우유찜,해초볶음,석박지,종료,12
153,시작,B으깬견과류고구마샐러드(요거트),B우유(100ml),B복숭아(60g),S멜론(50g),S복숭아(60g),고구마밥(63),쑥갓어묵국,매콤낙지채소볶음,아욱무침,백김치,S(우유제외)토마토스파게티,S검은깨두유(100ml),고구마밥(63),배추당면국,삼겹살구이,땅콩우엉무침,동치미,종료,14
154,시작,B치즈게살죽,B두유(100ml),B멜론(50g),S사과(35g),S참외(50g),밤찹쌀팥밥(63),쑥갓어묵탕,수제비샐러드,사과미나리무침,나박김치,S치즈케이크,S우유(200ml),밤찹쌀팥밥(63),아욱우렁된장국,으깬두부채소전,건파래자반,비트초절이,종료,13
155,시작,B(우유제외)스크램블에그,B두유(100ml),B사과(100g),S복숭아(천도)-60g,S복숭아(천도)-80g,옥수수밥(63),멸치장국,두부채소굴소스볶음,쌈채소,얼갈이배추김치,S멸치주먹밥,S토마토주스,옥수수밥(63),버섯개장,수제비샐러드,애호박건새우볶음,비트초절이,종료,15
156,시작,B단호박떡케익,B(우유제외)수제딸기두유,B복숭아(60g),S참외(50g),S자두(50g),찰현미밥(63),감자된장국,돼지고기굴소스볶음,감자당근채볶음,석박지,S치즈스틱,S둥글레차,찰현미밥(63),매콤애호박국,오리훈제구이,상추겉절이,단배추물김치,종료,12
157,시작,B우엉채소볶음밥,B고구마쉐이크,B과일샐러드(요거트드레싱),S복숭아(천도)-60g,S자두(50g),차조밥(55),다시마새우젓국,시금치두부전,건새우애호박볶음,나박김치,S크림떡볶이,S둥글레차,차조밥(55),실파장국,삼치무조림,해초볶음,콜라비나박김치,종료,15
158,시작,B치즈고구마죽,B(우유제외)수제바나나두유,B복숭아(80g),S사과(35g),S복숭아(황도)-80g,찹쌀밥(40),동태살무국,소고기당면불고기,얼갈이된장나물,비트초절이,S냉콩국+소면,S보리차,찹쌀밥(40),버섯개장,오징어채소볶음,해초볶음,배추김치,종료,15
159,시작,B볶음현미죽,B우유(200ml),B복숭아(60g),S멜론(50g),S사과(35g),밤콩밥(63),해물탕,어묵감자조림,진미채채소무침,열무물김치,S단팥빵,S우유(200ml),밤콩밥(63),얼갈이맑은국,오징어불고기,매콤숙주미나리무침,나박김치,종료,12
160,시작,B새우치즈죽,B(우유제외)수제바나나두유,B멜론(50g),S복숭아(천도)-60g,S멜론(50g),옥수수밥(55),소고기두부탕국,매콤오징어볶음,맛살양상추샐러드,배추김치,S으깬견과류고구마샐러드(요거트),S토마토주스,옥수수밥(55),콩가루얼갈이배추국,떡갈비간장조림,건취나물간장볶음,나박김치,종료,14
161,시작,B(우유제외)당근크림스프,B검은콩두유(100ml),B사과(35g),S수박(100g),S땅콩,밤밥(55),버섯무국,가자미조림,도라지볶음,오이소박이김치,S닭가슴살채소죽,S고구마쉐이크,밤밥(55),부추된장국,주꾸미간장조림,멸치볶음,비트초절이,종료,13
162,시작,B치즈스틱,B(우유제외)수제바나나두유,B멜론(50g),S복숭아(60g),S청포도(100g),검정콩밥(63),애호박새우젓국,가지구이,맛살양상추샐러드,석박지,S꼬마김밥(달걀제외),S오미자차,검정콩밥(63),콩가루얼갈이배추국,오징어무침,토마토범벅,깍두기,종료,15
163,시작,B으깬견과류고구마샐러드(요거트),B요구르트,B복숭아(60g),S사과(35g),S참외(50g),팥밥(55),해물탕,소면채소무침,감자당근채볶음,석박지,S크로와상,S우유(200ml),팥밥(55),아욱우렁된장국,삼치무조림,미역줄기채소볶음,깍두기,종료,12
164,시작,B으깬견과류고구마샐러드(요거트),B검은깨두유(200ml),B복숭아(천도)-80g,S멜론(50g),S복숭아(60g),차조밥(55),다슬기된장국,햄구이,애호박볶음,석박지,S절편(40g),S매실쥬스,차조밥(55),닭고기채소찌개,오리훈제구이,애호박나물,배추김치,종료,13
165,시작,B감자된장죽,B두유(100ml),B복숭아(황도)-60g,S사과(35g),S복숭아(황도)-80g,완두콩밥(55),콩가루얼갈이배추국,애호박생선살찜,감자당근채볶음,콜라비나박김치,S치즈머핀,S우유(200ml),완두콩밥(55),팽이장국,채소옥수수튀김,고춧잎된장무침,깍두기,종료,10
166,시작,B참나물유부초밥,B요구르트,B참외(50g),S복숭아(60g),S사과(50g),밤콩밥(55),유부쑥갓맑은국,닭고기냉채,브로콜리무침,비트초절이,S단호박설기,S매실쥬스,밤콩밥(55),동태살무국,주꾸미채소간장볶음,곤드레나물볶음,배추김치,종료,13
167,시작,B오트밀죽,B두유(100ml),B참외(50g),S사과(35g),S멜론(50g),현미밥(55),건새우된장국,오징어치즈전,감자당근채볶음,단배추물김치,S슈크림빵,S오미자차,현미밥(55),쑥완자탕,떡갈비간장조림,애호박볶음,열무물김치,종료,15
168,시작,B도너츠,B(우유제외)수제바나나두유,B사과(35g),S멜론(50g),S복숭아(천도)-80g,감자수제비,느타리버섯국,두부톳무침,당근스틱,파김치,S검은깨죽,S망고주스,옥수수밥(63),부추맑은국,삼치엿장구이,봄동나물,갓김치,종료,15
169,시작,B치즈게살죽,B(우유제외)수제바나나두유,B복숭아(황도)-60g,S멜론(50g),S복숭아(60g),쌀밥(63),닭고기채소찌개,어묵감자조림,매콤숙주미나리무침,열무물김치,S(우유제외)토마토스파게티,S우유(200ml),쌀밥(40),팽이장국,라조기,새싹채소샐러드,비트초절이,종료,12
170,시작,B감자죽,B복숭아호두스무디,B멜론(50g),S멜론퓨레,S복숭아(천도)-60g,콩나물밥,온도토리묵국,삼치무조림,무몰무침,나박김치,S떡볶이,S보리차,고구마밥(55),오징어국,소고기당면불고기,동초무침,열무김치,종료,14
171,시작,B(우유제외)두유죽,B수제블루베리바나나우유,S참외(50g),S복숭아(백도)-80g,S사과(35g),팥밥(55),실파장국,훈제오리무침,참나물간장무침,파김치,S호박죽,S우유(200ml),팥밥(55),멸치장국,돼지고기양파볶음,북어채조림,파프리카피클,종료,13
172,시작,B단호박샐러드,B(우유제외)바나나쉐이크,B복숭아(60g),S복숭아(60g),S사과(50g),잡곡밥(55),얼갈이배추국,양배추맛살나물,호박고지나물,배추김치,S크로와상,S우유(100ml),잡곡밥(55),대구지리,두부톳무침,진미채초무침,나박김치,종료,13
173,시작,B으깬견과류고구마샐러드(요거트),B(우유제외)바나나쉐이크,B복숭아(천도)-60g,S사과(35g),S멜론(50g),밤밥(63),쑥갓어묵탕,소고기무볶음,건새우애호박볶음,오이소박이김치,S샌드위치,S보리차,밤밥(63),근대국,제육볶음,채소샐러드,배추김치,종료,12
174,시작,B새우애호박죽,B검은깨두유(100ml),B복숭아(천도)-80g,S사과(35g),S오이당근스틱,찹쌀팥밥(55),배추된장국,브로콜리오징어무침,양파초절임,나박김치,S(우유제외)웨지감자구이,S떠먹는요구르트(100ml),찹쌀팥밥(55),김치어묵국,오이소고기볶음,감자당근채볶음,열무물김치,종료,15
175,시작,B치즈게살죽,B두유(100ml),B멜론(50g),S멜론(50g),S사과(35g),밤밥(63),실파장국,오리훈제구이,새싹채소샐러드,오이소박이김치,S(우유제외)토마토스파게티,S둥글레차,밤밥(63),차돌얼갈이국,옥수수채소튀김,무미역무침,열무김치,종료,12
176,시작,B고구마죽,B검은콩두유(200ml),S블루베리(50g),S복숭아(천도)-60g,B수박(100g),수수밥(55),유부대파국,닭가슴살샐러드(머스타드소스),브로콜리참깨무침,깍두기,종료,S오미자차,수수밥(55),유부맑은국,떡갈비간장조림,브로콜리무침,배추김치,종료,11
177,시작,B치즈스틱,B고구마쉐이크,B과일샐러드(요거트드레싱),S복숭아(백도)-80g,S사과(35g),현미밥(55),동태살무국,양배추낙지볶음,건새우애호박볶음,나박김치,S쿠키,S우유(200ml),현미밥(63),얼갈이배추국,닭고기냉채,건취나물간장볶음,배추김치,종료,12
178,시작,B고구마경단,B두유(100ml),B복숭아(80g),S멜론(50g),S사과(35g),율무밥(55),"만두국(달걀제외,가공만두)",으깬두부채소전,참치양파볶음,석박지,S치즈스틱,S우유(100ml),율무밥(55),매콤애호박국,소고기잡채,상추겉절이,깍두기,종료,12
179,시작,B미니핫도그,B떠먹는요구르트(100ml),B멜론(50g),S자두(50g),S(우유제외)과일화채,고구마밥(55),팽이장국,닭살카레찜,참나물간장무침,나박김치,S약식,S(우유제외)수제딸기두유,고구마밥(55),멸치장국,(우유제외)닭가슴살버터구이,양송이버섯볶음,배추김치,종료,12
180,시작,B웨지감자구이,B고칼슘우유(200ml),B참외(100g),S사과(100g),S멜론(50g),밤밥(63),두부젓국찌개,소고기토마토조림,건파래자반,열무물김치,S절편(40g),S보리차,파프리카유부초밥,팽이장국,고구마연근맛탕,양파초절임,나박김치,종료,14
181,시작,B절편(40g),B검은깨두유(100ml),B복숭아(천도)-60g,S포도(100g),S바나나(100g),잡곡밥(55),조갯살된장찌개,두부톳무침,얼갈이나물,나박김치,S증편(40g),S오미자아이스크림,잡곡밥(63),양지곰국,어묵당근볶음,파래무침,오이소박이김치,종료,15
182,시작,B양송이채소죽,B검은콩두유(150ml),B포도(100g),S복숭아(황도)-80g,S사과(50g),충무김밥+반찬,실파김국,닭봉구이,참나물된장무침,비트초절이,S크랜베리찹쌀케이크,S떠먹는요구르트(100ml),밤밥(55),어묵국수,매콤낙지채소볶음,청경채초무침,오이소박이김치,종료,12
183,시작,B참깨우유스프,B(우유제외)수제바나나두유,B멜론(50g),S자두(50g),S사과(35g),보리밥(63),해물탕,(저염)닭가슴살단호박조림,무미역무침,열무물김치,S절편(40g),S보리차,보리밥(55),실파장국,닭봉조림,애호박볶음,열무물김치,종료,12
184,시작,B고구마경단,B요구르트,B멜론(50g),S블루베리고구마샐러드,S멜론(100g),찰현미밥(55),차돌얼갈이국,파돼지불고기,감자당근채볶음,단배추물김치,S슈크림빵,S우유(200ml),찰현미밥(55),동태맑은국,참치어묵조림,채소샐러드,열무김치,종료,14
185,시작,B새우크림소스볶음,B두유(100ml),B복숭아(황도)-60g,S멜론(50g),S아몬드,잡곡밥(63),팽이장국,탕평채무침,얼갈이나물,나박김치,S단팥빵,S우유(200ml),잡곡밥(63),찹쌀옹심이국,두부냉채,해초볶음,석박지,종료,12
186,시작,B당근치즈죽,B수제바나나우유,B복숭아(60g),S멜론(50g),S사과(35g),팥밥(55),두부새우젓국,삼치무조림,건새우애호박볶음,비트초절이,S새우크림소스볶음,S보리차,팥밥(55),다슬기된장국,채소옥수수튀김,브로콜리무침,석박지,종료,14
187,시작,B치즈머핀,B두유(100ml),B사과(50g),S푸실리샐러드,S복숭아(60g),파프리카유부초밥,호박감자수제비국,소면채소무침,애호박건새우볶음,비트초절이,S고로케,S보리차,밤찹쌀팥밥(63),닭고기채소찌개,브로콜리오징어무침,매쉬드포테이토,열무물김치,종료,12
188,시작,B미니핫도그,B요구르트,B참외(50g),S자두(50g),수수밥(55),율무밥(63),건새우된장국,참치어묵조림,감자당근채볶음,나박김치,S슈크림빵,S우유(200ml),율무밥(63),순한고추장찌개,대구구이,애호박나물,깍두기,종료,12
189,시작,B으깬견과류고구마샐러드(요거트),B(우유제외)수제바나나두유,B블루베리고구마샐러드,S복숭아(60g),S자두(50g),찹쌀현미밥(55),동태맑은국,양배추맛살나물,채소샐러드,단배추물김치,S슈크림빵,S보리차,찹쌀현미밥(55),차돌얼갈이국,소고기브로콜리조림,진미채초무침,열무물김치,종료,15
190,시작,B치즈스틱,B(우유제외)수제바나나두유,B복숭아(천도)-60g,S사과(35g),S아몬드,오리훈제볶음밥,다진소고기콩나물국,고구마연근맛탕,과일샐러드(요거트드레싱),비트초절이,S단호박설기,S보리차,흑미밥(55),양파오징어국,새우살채소깨무침,진미채초무침,깍두기,종료,15
191,시작,B소고기미역죽,B고구마쉐이크,B복숭아(60g),S멜론(100g),S멜론(50g),현미밥(55),미역북어국,애호박생선살찜,매콤숙주미나리무침,깍두기,S고로케,S매실쥬스,현미밥(55),애호박두부젓국찌개,매콤낙지채소볶음,실곤약간장채소무침,나박김치,종료,13
192,시작,B영양부추타락죽,B(우유제외)수제바나나두유,B블루베리(50g),S복숭아(60g),S복숭아(60g),검정콩밥(55),매콤애호박국,닭고기냉채,도라지볶음,오이피클,S애플파이,S둥글레차,오징어칼국수,Empty,삼겹살구이,해초볶음,비트초절이,종료,12
193,시작,B소고기양파죽,B(우유제외)수제바나나두유,B사과(50g),S복숭아(천도)-60g,S멜론(50g),현미밥(55),아욱우렁된장국,주꾸미숙회,브로콜리무침,열무물김치,S단호박꿀찜,S보리차,현미밥(63),동태살무국,소고기채소조림,참치양파볶음,나박김치,종료,14
194,시작,B으깬견과류고구마샐러드(요거트),B두유(100ml),B자두(50g),S땅콩,S오이당근스틱,흑미밥(55),아욱우렁된장국,떡갈비간장조림,감자당근채볶음,백김치,S소보로빵,S우유(100ml),흑미밥(55),동태살국,소고기잡채,브로콜리무침,나박김치,종료,14
195,시작,B으깬견과류고구마샐러드(요거트),B두유(200ml),B과일샐러드(요거트드레싱),S멜론(50g),S복숭아(황도)-80g,흑미밥(63),해물탕,매콤주꾸미볶음,감자당근채볶음,비트초절이,S치즈머핀,S우유(100ml),흑미밥(63),동태살국,훈제오리단호박찜,브로콜리무침,석박지,종료,12
196,시작,B수제비,B두유(100ml),B복숭아(황도)-60g,S복숭아(80g),S복숭아(천도)-80g,감자밥(55),차돌얼갈이국,소고기토마토조림,매쉬드포테이토,단배추물김치,S연두부샐러드(오리엔탈드레싱),S보리차,감자밥(55),닭고기채소찌개,소면채소무침,건새우애호박볶음,열무물김치,종료,13
197,시작,B닭백숙,B요구르트,B복숭아(60g),S토마토(200g),S블루베리고구마샐러드,팥밥(55),동태맑은국,양배추맛살나물,진미채초무침,단배추물김치,S단호박샐러드,S보리차,팥밥(63),차돌얼갈이국,새우살볶음,채소샐러드,열무물김치,종료,13
198,시작,B절편(40g),B(우유제외)수제바나나두유,B복숭아(황도)-60g,S멜론(50g),S사과(35g),보리밥(55),건새우시금치국,감자부추전,맛살양상추샐러드,나박김치,S크림떡볶이,S식혜,보리밥(55),모듬버섯찌개,고구마연근맛탕,부추양파생채,배추김치,종료,12
199,시작,B치즈게살죽,B두유(100ml),B배(50g),S사과(35g),S복숭아(천도)-60g,잡곡밥(63),동태살국,(고춧가루제외)갈치조림,해초볶음,나박김치,S고로케,S오미자차,잡곡밥(63),두부새우젓국,삼치무조림,단호박찜,배추김치,종료,15
200,시작,B고구마스프,B요구르트,B멜론(50g),S복숭아(천도)-60g,S사과(35g),팥밥(55),동태맑은국,삼겹살구이,상추쌈,열무물김치,S떡볶이,S둥글레차,팥밥(55),두부새우젓국,소면채소무침,감자당근채볶음,단배추물김치,종료,12
201,시작,B양송이버섯스프,B(우유제외)수제바나나두유,B복숭아(60g),S복숭아(60g),S사과(35g),옥수수밥(63),유부쑥갓맑은국,고구마연근맛탕,감자당근채볶음,배추김치,S잔치국수,S보리차,옥수수밥(63),맑은애호박국,오리훈제구이,브로콜리무침,열무물김치,종료,14
202,시작,B소고기장국죽,B(우유제외)수제바나나두유,B방울토마토(70g),S복숭아(천도)-60g,S사과(75g),잡곡밥(63),얼갈이배추국,삼치무조림,양파초절임,나박김치,S크림떡볶이,S우유(100ml),잡곡밥(63),멸치장국,돼지고기굴소스볶음,건새우애호박볶음,배추김치,종료,13
203,시작,B으깬견과류고구마샐러드(요거트),B고구마쉐이크,B복숭아(60g),S호두,S복숭아(천도)-80g,밤찹쌀팥밥(55),동태살무국,닭고기냉채,애호박건새우볶음,배추김치,S크로와상,S우유(200ml),밤찹쌀팥밥(55),가지냉국,어묵감자조림,다시마북어볶음,비트초절이,종료,13
204,시작,B연두부+양념장,B고구마쉐이크,B복숭아(60g),S(우유제외)수박화채,S자두(50g),밤콩밥(63),얼갈이맑은국,매콤낙지채소볶음,가지양념무침,배추김치,S크림떡볶이,S보리차,김치우동,Empty,옥수수채소튀김,으깬견과류고구마샐러드(요거트),비트초절이,종료,15
205,시작,B아욱죽,B떠먹는요구르트(100ml),B복숭아(60g),B배(50g),S사과(35g),감자밥(55),호박감자수제비국,소고기당면불고기,건취나물간장볶음,오이소박이김치,S(우유제외)알리오올리오스파게티,S보리차,감자밥(55),안매운닭개장,유부맛살숙주무침,애호박새우젓볶음,배추김치,종료,15
206,시작,B치즈게살죽,B(우유제외)수제바나나두유,B멜론(50g),S복숭아(60g),S자두(50g),기장밥(55),콩가루얼갈이배추국,주꾸미채소간장볶음,파래자반,열무물김치,S카카오올리브케익,S둥글레차,기장밥(55),단호박김치국,어묵감자조림,참나물간장무침,나박김치,종료,15
207,시작,B으깬견과류고구마샐러드(요거트),B(우유제외)수제바나나두유,B참외샐러드,S복숭아(60g),S복숭아(60g),고구마밥(63),북어국,주꾸미숙회,채소샐러드,오이소박이김치,S잔치국수,S떠먹는요구르트(100ml),고구마밥(63),매콤애호박국,닭고기냉채,마카로니채소샐러드(토마토소스),배추김치,종료,15
208,시작,B감자죽,B복숭아호두스무디,B블루베리(50g),S푸실리샐러드,S복숭아(천도)-80g,팥밥(55),온청포묵국,매콤주꾸미볶음,채소샐러드(발사믹드레싱),단배추물김치,S도너츠,S둥글레차,팥밥(55),동태살국,새우살조림,무사과무침,나박김치,종료,13
209,시작,B브로콜리죽,B우유(150ml),B참외(50g),S복숭아(천도)-80g,S멜론(50g),잡곡밥(55),다슬기된장국(올갱이국),오징어불고기,건취나물간장볶음,단배추물김치,S알리오올리오스파게티,S보리차,잡곡밥(55),동태살국,햄참치채소전,무미역무침,배추김치,종료,14
210,시작,B으깬견과류고구마샐러드(요거트),B(우유제외)수제바나나두유,B멜론(100g),S복숭아(황도)-80g,S당근스틱,찰현미밥(63),얼갈이배추국,소고기양배추조림,맛살미역줄기볶음,비트초절이,S크림떡볶이,S둥글레차,찰현미밥(63),올갱이된장국,감자부추전,곤드레나물볶음,배추김치,종료,14
211,시작,B닭백숙,B요구르트,B과일샐러드(요거트드레싱),S복숭아(천도)-60g,S사과(35g),수수밥(55),멸치장국,새우춘권튀김,미역줄기채소볶음,열무물김치,S치즈,S(우유제외)고구마쉐이크,수수밥(55),버섯개장,쑥갓두부무침,진미채초무침,깍두기,종료,13
212,시작,B으깬견과류고구마샐러드(요거트),B(우유제외)바나나쉐이크,B복숭아(80g),S사과(35g),S멜론(100g),충무김밥+반찬,팽이장국,채소옥수수튀김,부추겉절이,오이소박이김치,S마들렌,S둥글레차,고구마밥(55),온청포묵국,소고기당면불고기,얼갈이된장나물,나박김치,종료,14
213,시작,B브로콜리크림스프,B(우유제외)수제바나나두유,B복숭아(80g),S복숭아(황도)-80g,S멜론(50g),고구마밥(55),동태살국,주꾸미숙회,진미채초무침,나박김치,S(우유제외)토마토스파게티,S보리차,고구마밥(55),해물탕,옥수수채소튀김,애호박건새우볶음,배추김치,종료,14
214,시작,B소고기미역죽,B고구마쉐이크,B복숭아(천도)-60g,S멜론(50g),S수박(100g),수수밥(55),팽이장국,어묵고구마조림,파래무침,석박지,S치즈케이크,S검은깨두유(200ml),수수밥(55),실파장국,참치어묵조림,가지양념무침,깍두기,종료,15
215,시작,B콩나물죽,B떠먹는요구르트(100ml),B복숭아(60g),S(우유제외)과일화채,S멜론(100g),찹쌀밥(40),양파오징어국,훈제오리단호박볶음,브로콜리무침,배추김치,S짜장떡볶이,S우유(200ml),찹쌀밥(40),시래기된장국,매콤오징어볶음,쫄면무침,비트초절이,종료,13
216,시작,B감자죽,B호두우유,B멜론(50g),S사과(35g),S복숭아(천도)-60g,찰현미밥(55),동태살무국,탕평채무침,해초볶음,나박김치,S(우유제외)토마토스파게티,S둥글레차,찰현미밥(55),콩가루얼갈이배추국,삼치무조림,새싹채소샐러드,석박지,종료,12
217,시작,B단호박크림스프,B두유(100ml),B멜론(50g),S블루베리고구마샐러드,S멜론(50g),완두콩밥(55),실파맑은국,오리훈제구이,호박고지나물,깍두기,S파프리카유부초밥,S둥글레차,완두콩밥(55),해물탕,두부냉채,진미채초무침,배추김치,종료,15
218,시작,B단호박크림스프,B요구르트,B참외(50g),S복숭아(60g),S멜론(50g),수수밥(55),실파장국,돼지고기카레볶음,브로콜리무침,석박지,S멸치주먹밥,S쌀음료,수수밥(55),해물탕,두부톳무침,배오이생채,깍두기,종료,15
219,시작,B(우유제외)당근크림스프,B고구마쉐이크,B사과(75g),S사과(35g),S아몬드,찹쌀팥밥(55),멸치장국,오징어간장조림,애호박새우젓볶음,백김치,S새우크림소스볶음,S둥글레차,찹쌀팥밥(55),단배추된장국,양파링튀김,삼색초무침,비트초절이,종료,15
220,시작,B소고기타락죽,B검은깨두유(100ml),B사과(100g),S푸실리샐러드,S사과(35g),소고기카레라이스,삼색초무침,뱅어포튀김,당근양파볶음,파김치,S케이크,S둥글레차,찹쌀현미밥(55),배추국,삼치무조림,매콤숙주오이무침,나박김치,종료,15
221,시작,B으깬견과류고구마샐러드(요거트),B두유(150ml),B복숭아(60g),S바나나(50g),S자두(50g),차조밥(55),동태살무국,새우살조림,애호박건새우볶음,나박김치,S치즈,S우유(200ml),차조밥(63),쑥갓어묵탕,오리훈제구이,상추겉절이,오이소박이김치,종료,10
222,시작,B소고기스프,B요구르트,B복숭아(천도)-60g,S복숭아(황도)-80g,S멜론(50g),찹쌀현미밥(63),닭고기채소찌개,소면채소무침,오이생채,단배추물김치,S단호박설기,S둥글레차,찹쌀현미밥(55),건새우시금치국,(저염)갈치조림,동초무침,열무물김치,종료,15
223,시작,B삶은고구마,B검은깨두유(100ml),B참외(50g),S멜론(50g),S사과(35g),찹쌀밥(40),모듬버섯찌개,감자부추전,새싹채소샐러드,나박김치,S멸치주먹밥,S오미자아이스크림,찹쌀밥(40),실파장국,(저염)갈치조림,건새우애호박볶음,비트초절이,종료,14
224,시작,B웨지감자구이,B우유(100ml),B사과(35g),S(우유제외)과일화채,S복숭아(황도)-80g,밤찹쌀팥밥(55),건새우된장국,삼치무조림,애호박건새우볶음,단배추물김치,S녹차밤양갱,S식혜,밤찹쌀팥밥(63),안매운닭개장,오징어새우볶음,맛살양상추샐러드,배추김치,종료,12
225,시작,B(우유제외)단호박크림스프,B고구마쉐이크,B블루베리고구마샐러드,S청포도(100g),S멜론(50g),찹쌀밥(55),두부새우젓국,매콤낙지채소볶음,애호박볶음,열무물김치,S치즈,S보리차,찹쌀밥(55),동태살국,(저염)갈치조림,곤드레나물볶음,비트초절이,종료,14
226,시작,B으깬견과류고구마샐러드(요거트),B요구르트,B사과(35g),S멜론(50g),S복숭아(천도)-60g,기장밥(63),닭고기채소찌개,삼겹살구이,건취나물간장볶음,나박김치,S단호박떡케익,S둥글레차,충무김밥+반찬,온도토리묵국,참치어묵조림,동초무침,비트초절이,종료,15
227,시작,B채소스프,B고구마쉐이크,B복숭아(60g),B복숭아(60g),S사과(35g),율무밥(63),꼬막된장찌개,매콤낙지채소볶음,곤드레나물볶음,비트초절이,S슈크림빵,S보리차,율무밥(63),동태살무국,소고기당면불고기,진미채초무침,배추김치,종료,13
228,시작,B닭고기주먹밥,B고구마쉐이크,B복숭아(60g),S아몬드,S참외(50g),완두콩밥(55),온도토리묵국,탕평채무침,해초볶음,나박김치,S웨지감자구이,S둥글레차,완두콩밥(55),팽이장국,채소옥수수튀김,부추겉절이,비트초절이,종료,15
229,시작,B양송이크림스프,B검은깨두유(150ml),B사과(100g),S복숭아(황도)-60g,S(우유제외)과일화채,소고기주먹밥,팽이장국,오리훈제구이,양배추건새우볶음,파김치,S증편,S쌀음료,기장밥(55),오징어찌개,가자미유자청구이,실파김무침,석박지,종료,13
230,시작,B으깬견과류고구마샐러드(요거트),B바나나쉐이크,B사과(35g),S복숭아(천도)-60g,S멜론(50g),밤찹쌀팥밥(55),동태살무국,참치김치볶음,채소샐러드,배추김치,S애플파이,S식혜,밤찹쌀팥밥(55),유부쑥갓맑은국,파돼지불고기,상추겉절이,배추김치,종료,13
231,시작,B영양부추타락죽,B(우유제외)수제바나나두유,B사과(35g),S사과(35g),S복숭아(천도)-60g,오징어칼국수,두부새우젓국,애호박생선살찜,매쉬드포테이토,배추김치,S슈크림빵,S보리차,찹쌀현미밥(55),매콤애호박국,으깬두부채소전,해초볶음,석박지,종료,14
232,시작,B소고기장국죽,B두유(100ml),B복숭아(천도)-60g,S멜론(50g),S사과(35g),검정콩밥(63),다슬기아욱국,참치어묵조림,감자당근채볶음,열무물김치,S녹차밤양갱,S식혜,검정콩밥(63),유부쑥갓맑은국,삼치무간장조림,애호박볶음,비트초절이,종료,14
233,시작,B송편(40g),B수제바나나우유,B복숭아(60g),S사과(35g),S복숭아(천도)-60g,파프리카유부초밥,오징어숙주국,양배추맛살나물,곤드레나물볶음,깍두기,S단팥빵,S오미자아이스크림,밤콩밥(55),동태맑은국,삼치살데리야끼조림,도라지배무침,열무물김치,종료,15
234,시작,B단호박떡케익,B떠먹는요구르트(100ml),B복숭아(천도)-60g,S사과(35g),S블루베리(50g),찹쌀팥밥(55),유부쑥갓맑은국,브로콜리오징어무침,건취나물간장볶음,오이소박이김치,S크림떡볶이,S둥글레차,찹쌀팥밥(55),팽이장국,닭강정,가지무침,배추김치,종료,13
235,시작,B감자죽,B요구르트,B사과(35g),S사과(35g),S멜론(50g),쌀밥(55),다슬기된장국(올갱이국),소고기채소조림,애호박건새우볶음,깍두기,S크림떡볶이,S매실쥬스,김치햄볶음밥,매콤콩나물국,옥수수채소튀김,과일샐러드(요거트드레싱),석박지,종료,14
236,시작,B증편(40g),B검은깨두유(100ml),B복숭아(황도)-80g,S자두(50g),S포도(100g),미나리불고기덮밥,숙주당면국,삼겹살구이,당근스틱,단무지무침,S수제새우과자,S쌀음료,율무밥(55),버섯찌개,소고기마늘종볶음,청경채된장무침,배추김치,종료,15
237,시작,B(우유제외)아몬드스프,B두유(100ml),B사과(50g),S블루베리(50g),S복숭아(백도)-80g,감자밥(63),팽이장국,고구마맛탕,참나물무침,배추김치,S닭고기흑임자죽,S둥글레차,감자밥(63),멸치장국,닭다리카레찜,참나물간장무침,배추김치,종료,12
238,시작,B크로와상(30g),B(우유제외)수제바나나두유,B복숭아(60g),S(우유제외)수박화채,B복숭아(60g),밤밥(55),온청포묵국,오리훈제구이,건취나물간장볶음,오이소박이김치,S크림소스스파게티,S수정과,김치우동,Empty,으깬두부채소전,땅콩우엉무침,배추김치,종료,15
239,시작,B크로와상(30g),B검은깨두유(150ml),B멜론(50g),S호두,S바나나(50g),찹쌀밥(40),매콤애호박국,(저염)갈치조림,진미채초무침,열무물김치,S(우유제외)토마토스파게티,S우유(200ml),찹쌀밥(40),팽이장국,훈제오리단호박찜,가지양념무침,깍두기,종료,13
240,시작,B냉콩국+소면,B과일연두부스무디,B사과(100g),S복숭아(60g),S참외(50g),율무밥(63),다시마채국,삼치무조림,비름나물,열무물김치,S찐고구마,S보리차,율무밥(63),다시마채국,등심탕수육+소스,뱅어포구이,단배추물김치,종료,8
241,시작,B새우치즈죽,B두유(100ml),B멜론(50g),S사과(35g),S블루베리고구마샐러드,옥수수밥(55),쑥갓어묵탕,매콤오징어볶음,오이샐러드,단배추물김치,S치즈,S우유(200ml),옥수수밥(55),두부새우젓국,애호박생선살찜,건취나물간장볶음,열무물김치,종료,13
242,시작,B감자죽,B두유(100ml),B복숭아(60g),S복숭아(60g),S사과(35g),찰현미밥(63),유부쑥갓맑은국,닭고기냉채,채소샐러드,비트초절이,S치즈스틱,S둥글레차,찰현미밥(63),동태살무국,매콤주꾸미볶음,사과미나리무침,비트초절이,종료,14
243,시작,B으깬견과류고구마샐러드(요거트),B요구르트,B복숭아(60g),S블루베리(50g),S복숭아(60g),밤찹쌀팥밥(63),동태살무국,참치어묵조림,감자당근채볶음,비트초절이,S멸치주먹밥,S둥글레차,밤찹쌀팥밥(63),단호박새우젓국,돼지고기굴소스볶음,뱅어포볶음,배추김치,종료,14
244,시작,B마들렌,B고구마쉐이크,B복숭아(60g),S사과(35g),S멜론(100g),쌀밥(55),팽이장국,삼겹살구이,해초볶음,석박지,S매실젤리,S떠먹는요구르트(100ml),쌀밥(40),건새우시금치국,임연수양념조림,미니새송이볶음,배추김치,종료,13
245,시작,B단호박떡케익,B두유(150ml),B사과(100g),S아몬드,S사과(50g),감자밥(55),콩나물김치국,숙주맛살나물,양배추찜,배추김치,S크로와상,S고칼슘우유(100ml),감자밥(55),두부새우젓국,(우유제외)닭가슴살버터구이,실곤약간장채소무침,얼갈이배추김치,종료,14
246,시작,B(우유제외)단호박크림스프,B요구르트,B사과(35g),S사과(100g),S참외(50g),검정콩밥(55),대파감자국,수제비샐러드,무조림,배추김치,S녹차밤양갱,S검은깨두유(150ml),검정콩밥(55),감자된장국,(저염)갈치조림,상추겉절이,얼갈이배추김치,종료,12
247,시작,B크로와상(30g),B검은깨두유(200ml),B수박(100g),S복숭아(황도)-80g,S땅콩,완두콩밥(55),가지냉국,닭살간장조림,비름나물된장무침,파프리카피클,S호박죽,S식혜,완두콩밥(55),배추국,삼치쌈장조림,청포묵무침,나박김치,종료,13
248,시작,B고구마죽,B두유(100ml),B복숭아(80g),S멜론(50g),S수박화채,기장밥(55),팽이장국,닭가슴살샐러드(머스타드소스),감자당근채볶음,단배추물김치,S증편(40g),S우유(200ml),기장밥(55),유부쑥갓맑은국,오리훈제구이,상추무생채,열무김치,종료,12
249,시작,B소고기미역죽,B떠먹는요구르트(100ml),B복숭아(60g),S복숭아(천도)-60g,S사과(35g),잡곡밥(55),다슬기된장국,참치어묵조림,감자당근채볶음,열무물김치,S단팥빵,S우유(200ml),잡곡밥(55),유부쑥갓맑은국,맛살꼬지전,애호박볶음,배추김치,종료,13
250,시작,B으깬견과류고구마샐러드(요거트),B(우유제외)수제바나나두유,B복숭아(천도)-60g,S참외(50g),S아몬드,잡곡밥(63),얼갈이맑은국,해물우동숙주볶음,애호박볶음,나박김치,S크림떡볶이,S매실쥬스,잡곡밥(63),콩가루얼갈이배추국,떡갈비간장조림,상추겉절이,석박지,종료,13
251,시작,B(우유제외)소고기스프,B검은깨두유(100ml),B방울토마토(35g),S사과(35g),S복숭아(황도)-80g,김치우동,Empty,맛살꼬지전,마카로니채소샐러드(요거트드레싱),비트초절이,S으깬견과류고구마샐러드(요거트),S레몬주스,찹쌀현미밥(55),차돌얼갈이국,돼지고기콩나물찜,오징어채무침,단배추물김치,종료,14
252,시작,B소고기감자죽,B요구르트,B파인애플(50g),S(우유제외)과일화채,S포도(100g),쌀밥(40),오징어찌개,소고기감자조림,비름나물무침,얼갈이배추김치,S쌀과자,S검은깨두유(100ml),쌀밥(40),배추당면국,흰살생선전,얼갈이나물,석박지,종료,15
253,시작,B참치미역죽,B검은깨두유(200ml),B복숭아(80g),S사과(35g),S참외(50g),기장밥(55),당근황태국,매콤오징어볶음,얼갈이나물,배추김치,S새우크림소스볶음,S보리차,기장밥(55),오징어숙주국,가지구이,진미채초무침,나박김치,종료,13
254,시작,B양파치즈스프,B과일연두부스무디,B복숭아(황도)-60g,S배(50g),S블루베리(50g),보리밥(55),오징어숙주국,갈치감자조림,우엉볶음,갓김치,S크랜베리찹쌀케이크,S보리차,보리밥(55),팽이장국,수제비샐러드,뱅어포구이,나박김치,종료,14
255,시작,B새우치즈죽,B검은깨두유(100ml),B블루베리고구마샐러드,S복숭아(천도)-60g,S수박화채,밤콩밥(55),동태살무국,참치어묵조림,소고기우엉조림,나박김치,S증편(40g),S둥글레차,밤콩밥(55),얼갈이배추국,훈제오리냉채,도라지무침,배추김치,종료,13
256,시작,B참나물유부초밥,B(우유제외)고구마쉐이크,B방울토마토(35g),S복숭아(천도)-60g,S참외(100g),흑미밥(55),동태살국,옥수수감자전,애호박새우젓볶음,석박지,S고로케,S둥글레차,흑미밥(55),홍합탕,치즈달걀찜,얼갈이나물,오이소박이김치,종료,12
257,시작,B버섯장국죽,B요구르트,B복숭아(천도)-60g,S복숭아(60g),S호두,찹쌀팥밥(55),팽이장국,소고기토마토조림,뱅어포구이,얼갈이배추김치,S크림떡볶이,S보리차,찹쌀팥밥(55),아욱우렁된장국,채소옥수수튀김,감자당근채볶음,동치미,종료,14
258,시작,B바나나핫케이크,B검은깨두유(100ml),B복숭아(60g),S사과(35g),S참외(50g),수수밥(55),애호박새우젓국찌개,참치어묵조림,동초무침,단배추물김치,S건포도감자볼,S매실쥬스,파프리카유부초밥,미니우동,닭봉구이,매쉬드포테이토,총각김치,종료,14
259,시작,B단호박구이,B토마토쉐이크,B멜론(50g),S아몬드,S참외(50g),기장밥(55),북어달걀국,새우살채소깨무침,애호박건새우볶음,나박김치,S멸치주먹밥,S보리차,기장밥(55),무채된장국,소고기당면불고기,브로콜리무침,비트초절이,종료,13
260,시작,B으깬견과류고구마샐러드(요거트),B요구르트,B복숭아(황도)-60g,S자두(50g),S토마토(200g),잡곡밥(63),꼬막된장찌개,멸치파프리카볶음,미역줄기채소볶음,배추김치,S쑥설기(40g),S오미자아이스크림,잡곡밥(63),동태살무국,삼치무조림,해초볶음,얼갈이배추김치,종료,12
